0,.exe,N/A,program,0,16777215,N/A,N/A,v3lite4,[],Desktop,0,{6D809377-6AF0-444B-8957-A3773F02200E}\AhnLab\V3Lite40\v3lite4.exe,N/A,AhnLab V3 Lite
1,N/A,1.100.3370.0,program,0,16777215,AppUp.IntelGraphicsExperience_1.100.3370.0_x64__8j3eq9eme6ctt,AppUp.IntelGraphicsExperience_8j3eq9eme6ctt,N/A,[],Trusted Immersive,0,N/A,Assets\Square44x44Logo.png,인텔® 그래픽 제어 센터
2,N/A,1.0.34.0,program,0,4294967295,AppUp.ThunderboltControlCenter_1.0.34.0_x64__8j3eq9eme6ctt,AppUp.ThunderboltControlCenter_8j3eq9eme6ctt,N/A,[],Trusted Immersive,0,N/A,Assets\Square44x44Logo.png,Thunderbolt™ 제어 센터
3,.exe,N/A,program,0,16777215,N/A,N/A,guimain,[],Desktop,0,C:\MinGW\libexec\mingw-get\guimain.exe,N/A,MinGW Installation Manager
4,.exe,N/A,program,0,16777215,N/A,N/A,unins000,[],Desktop,0,C:\Users\Public\Documents\DOUZONE\DFAS_PRO\uni\unins000.exe,N/A,DFAS Pro DEMO - uninstall
5,.exe,N/A,program,0,16777215,N/A,N/A,python,[],Desktop,0,C:\Users\swan4\AppData\Local\Programs\Python\Python39\python.exe,N/A,Python 3.9 (64-bit)
6,.exe,N/A,program,318,4284441448,N/A,N/A,chrome,[],Desktop,08/08/2021 13:19:06,{6D809377-6AF0-444B-8957-A3773F02200E}\Google\Chrome\Application\chrome.exe,N/A,Chrome
7,.exe,N/A,program,75,16777215,N/A,N/A,Update,[],Desktop,08/07/2021 22:58:49,C:\Users\swan4\AppData\Local\Discord\Update.exe,N/A,Discord
8,.exe,N/A,program,68,16777215,N/A,N/A,JandiApp,[],Desktop,08/08/2021 06:37:20,C:\Users\swan4\AppData\Local\JandiApp\JandiApp.exe,N/A,JANDI
9,N/A,3.9.253.0,program,0,4278979596,DolbyLaboratories.DolbyAccess_3.9.253.0_x64__rz1tebttyb220,DolbyLaboratories.DolbyAccess_rz1tebttyb220,N/A,[],Trusted Immersive,0,N/A,Assets\AppIcons\Square44x44Logo.png,Dolby Access
10,N/A,970.11.116.0,program,3,16777215,FACEBOOK.317180B0BB486_970.11.116.0_x64__8xx8rvfyw5nnt,FACEBOOK.317180B0BB486_8xx8rvfyw5nnt,N/A,[],Trusted Immersive,08/02/2021 13:39:27,N/A,assets\Square44x44Logo.png,Messenger
11,.html,N/A,document,0,16777215,N/A,N/A,index,[],Desktop,0,http://docs.oracle.com/javase/16/index.html,N/A,Reference Documentation
12,.com/,N/A,unknown,0,16777215,N/A,N/A,java,[],Desktop,0,http://java.com/,N/A,Visit Java.com
13,.com/help,N/A,unknown,0,16777215,N/A,N/A,help,[],Desktop,0,http://java.com/help,N/A,Get Help
14,.com/?utm_source=swi/,N/A,unknown,0,16777215,N/A,N/A,?utm_source=swi/,[],Desktop,0,https://duo.google.com/?utm_source=swi/,N/A,Google Duo
15,.com/tesseract-ocr/tesseract,N/A,unknown,0,16777215,N/A,N/A,tesseract,[],Desktop,0,https://github.com/tesseract-ocr/tesseract,N/A,Homepage
16,.com/tesseract-ocr/tesseract/wiki/FAQ,N/A,unknown,0,16777215,N/A,N/A,FAQ,[],Desktop,0,https://github.com/tesseract-ocr/tesseract/wiki/FAQ,N/A,FAQ
17,.com/tesseract-ocr/tesseract/wiki/ReadMe,N/A,unknown,0,16777215,N/A,N/A,ReadMe,[],Desktop,0,https://github.com/tesseract-ocr/tesseract/wiki/ReadMe,N/A,ReadMe
18,.com/fwlink/?linkid=2155401,N/A,unknown,0,16777215,N/A,N/A,?linkid=2155401,[],Desktop,0,https://go.microsoft.com/fwlink/?linkid=2155401,N/A,Microsoft Teams
19,N/A,3.2106.14307.0,program,0,16777215,Microsoft.549981C3F5F10_3.2106.14307.0_x64__8wekyb3d8bbwe,Microsoft.549981C3F5F10_8wekyb3d8bbwe,N/A,[],Trusted Immersive,0,N/A,Assets\Store\AppIcon.png,Cortana
20,.exe,N/A,program,3,16777215,N/A,N/A,git-bash,[],Desktop,07/16/2021 15:19:51,{6D809377-6AF0-444B-8957-A3773F02200E}\Git\git-bash.exe,N/A,Git Bash
21,.msc,N/A,program,0,16777215,N/A,N/A,secpol,[],Desktop,0,{1AC14E77-02E7-4E5D-B744-2EB1AE5198B7}\secpol.msc,N/A,로컬 보안 정책
22,.exe,N/A,program,0,16777215,N/A,N/A,MySQLInstaller,[],Desktop,0,{7C5A40EF-A0FB-4BFC-874A-C0F2E0B9FA8E}\MySQL\MySQL Installer for Windows\MySQLInstaller.exe,N/A,MySQL Installer - Community
23,.exe,N/A,program,0,16777215,N/A,N/A,explorer,[],Desktop,0,{F38BF404-1D43-42F2-9305-67DE0B28FC23}\explorer.exe,N/A,Windows Software Development Kit
24,.exe,N/A,program,0,16777215,N/A,N/A,python,[],Desktop,0,C:\Users\swan4\AppData\Local\Programs\Python\Python39\python.exe,N/A,Python 3.9 Module Docs (64-bit)
25,.exe,N/A,program,1,16777215,N/A,N/A,taskmgr,[],Desktop,07/16/2021 17:30:55,{1AC14E77-02E7-4E5D-B744-2EB1AE5198B7}\taskmgr.exe,N/A,작업 관리자
26,.exe,N/A,program,0,16777215,N/A,N/A,winpath,[],Desktop,0,{6D809377-6AF0-444B-8957-A3773F02200E}\Tesseract-OCR\winpath.exe,N/A,Console
27,.exe,N/A,program,0,16777215,N/A,N/A,cmd,[],Desktop,0,{1AC14E77-02E7-4E5D-B744-2EB1AE5198B7}\cmd.exe,N/A,Command Prompt for vctl
28,.exe,N/A,program,0,16777215,N/A,N/A,javacpl,[],Desktop,0,{7C5A40EF-A0FB-4BFC-874A-C0F2E0B9FA8E}\Java\jre1.8.0_301\bin\javacpl.exe,N/A,Check For Updates
29,.msc,N/A,program,0,16777215,N/A,N/A,compmgmt,[],Desktop,0,{1AC14E77-02E7-4E5D-B744-2EB1AE5198B7}\compmgmt.msc,N/A,컴퓨터 관리
30,.exe,N/A,program,0,16777215,N/A,N/A,javacpl,[],Desktop,0,{7C5A40EF-A0FB-4BFC-874A-C0F2E0B9FA8E}\Java\jre1.8.0_301\bin\javacpl.exe,N/A,About Java
31,.exe,N/A,program,0,16777215,N/A,N/A,perfmon,[],Desktop,0,{1AC14E77-02E7-4E5D-B744-2EB1AE5198B7}\perfmon.exe,N/A,리소스 모니터
32,.exe,N/A,program,0,16777215,N/A,N/A,Installer,[],Desktop,0,C:\Users\swan4\AppData\Roaming\Zoom\uninstall\Installer.exe,N/A,Uninstall Zoom
33,.exe,N/A,program,0,16777215,N/A,N/A,mysql,[],Desktop,0,{6D809377-6AF0-444B-8957-A3773F02200E}\MySQL\MySQL Server 8.0\bin\mysql.exe,N/A,MySQL 8.0 Command Line Client - Unicode
34,.exe,N/A,program,0,16777215,N/A,N/A,git-cmd,[],Desktop,0,{6D809377-6AF0-444B-8957-A3773F02200E}\Git\git-cmd.exe,N/A,Git CMD (Deprecated)
35,.msc,N/A,program,0,16777215,N/A,N/A,perfmon,[],Desktop,0,{1AC14E77-02E7-4E5D-B744-2EB1AE5198B7}\perfmon.msc,N/A,성능 모니터
36,.exe,N/A,program,0,16777215,N/A,N/A,sapisvr,[],Desktop,0,{F38BF404-1D43-42F2-9305-67DE0B28FC23}\Speech\Common\sapisvr.exe,N/A,Windows Speech Recognition
37,.exe,N/A,program,0,16777215,N/A,N/A,hh,[],Desktop,0,{F38BF404-1D43-42F2-9305-67DE0B28FC23}\hh.exe,N/A,Python 3.9 Manuals (64-bit)
38,.exe,N/A,program,0,16777215,N/A,N/A,mysql,[],Desktop,0,{6D809377-6AF0-444B-8957-A3773F02200E}\MySQL\MySQL Server 8.0\bin\mysql.exe,N/A,MySQL 8.0 Command Line Client
39,.msc,N/A,program,0,16777215,N/A,N/A,eventvwr,[],Desktop,0,{1AC14E77-02E7-4E5D-B744-2EB1AE5198B7}\eventvwr.msc,N/A,이벤트 뷰어
40,.msc,N/A,program,0,16777215,N/A,N/A,taskschd,[],Desktop,0,{1AC14E77-02E7-4E5D-B744-2EB1AE5198B7}\taskschd.msc,N/A,작업 스케줄러
41,.exe,N/A,program,0,16777215,N/A,N/A,pythonw,[],Desktop,0,C:\Users\swan4\AppData\Local\Programs\Python\Python39\pythonw.exe,N/A,IDLE (Python 3.9 64-bit)
42,N/A,4.46.31121.0,program,0,4278221012,Microsoft.BingWeather_4.46.31121.0_x64__8wekyb3d8bbwe,Microsoft.BingWeather_8wekyb3d8bbwe,N/A,[],Trusted Immersive,0,N/A,Assets\AppTiles\WeatherAppList.png,날씨
43,N/A,10.2105.41472.0,program,0,4278221012,Microsoft.GetHelp_10.2105.41472.0_x64__8wekyb3d8bbwe,Microsoft.GetHelp_8wekyb3d8bbwe,N/A,[],Trusted Immersive,0,N/A,Assets\GetHelpAppList.png,도움말
44,N/A,10.4.41811.0,program,0,4278221012,Microsoft.Getstarted_10.4.41811.0_x64__8wekyb3d8bbwe,Microsoft.Getstarted_8wekyb3d8bbwe,N/A,[],Trusted Immersive,07/09/2021 23:55:42,N/A,Assets\TipsAppList.png,팁
45,.exe,N/A,program,1,16777215,N/A,N/A,iexplore,[],Desktop,07/25/2021 06:18:56,{6D809377-6AF0-444B-8957-A3773F02200E}\Internet Explorer\iexplore.exe,N/A,Internet Explorer
46,N/A,4.1901.12761.0,program,0,16777215,Microsoft.Messaging_4.1901.12761.0_x64__8wekyb3d8bbwe,Microsoft.Messaging_8wekyb3d8bbwe,N/A,[],Trusted Immersive,0,N/A,Assets\SmallLogo.png,메시지
47,N/A,7.2105.4012.0,program,0,16777215,Microsoft.Microsoft3DViewer_7.2105.4012.0_x64__8wekyb3d8bbwe,Microsoft.Microsoft3DViewer_8wekyb3d8bbwe,N/A,[],Trusted Immersive,0,N/A,Assets\Square44x44Logo.png,3D 뷰어
48,N/A,18.2106.12410.0,program,5,4282400832,Microsoft.MicrosoftOfficeHub_18.2106.12410.0_x64__8wekyb3d8bbwe,Microsoft.MicrosoftOfficeHub_8wekyb3d8bbwe,N/A,[],Trusted Immersive,07/10/2021 01:51:42,N/A,images\Square44x44Logo.png,Office
49,N/A,4.10.7290.0,program,0,4278221012,Microsoft.MicrosoftSolitaireCollection_4.10.7290.0_x64__8wekyb3d8bbwe,Microsoft.MicrosoftSolitaireCollection_8wekyb3d8bbwe,N/A,[],Trusted Immersive,0,N/A,Win10\MicrosoftSolitaireAppList.png,Microsoft Solitaire Collection
50,N/A,4.1.6.0,program,9,4282466625,Microsoft.MicrosoftStickyNotes_4.1.6.0_x64__8wekyb3d8bbwe,Microsoft.MicrosoftStickyNotes_8wekyb3d8bbwe,N/A,[],Trusted Immersive,07/23/2021 08:15:55,N/A,Assets\Icons\StickyNotesAppList.png,스티커 메모
51,N/A,2000.21051.1282.0,program,0,4280229663,Microsoft.MixedReality.Portal_2000.21051.1282.0_x64__8wekyb3d8bbwe,Microsoft.MixedReality.Portal_8wekyb3d8bbwe,N/A,[],Trusted Immersive,0,N/A,Assets\MixedRealityPortalAppList.png,Mixed Reality 포털
52,N/A,6.2105.4017.0,program,0,4278221012,Microsoft.MSPaint_6.2105.4017.0_x64__8wekyb3d8bbwe,Microsoft.MSPaint_8wekyb3d8bbwe,N/A,[],Trusted Immersive,0,N/A,Assets\Logos\Square44x44\PaintAppList.png,그림판 3D
53,.EXE,N/A,program,48,4282400832,N/A,N/A,EXCEL,[],Desktop,08/06/2021 17:10:23,{6D809377-6AF0-444B-8957-A3773F02200E}\Microsoft Office\root\Office16\EXCEL.EXE,N/A,Excel
54,.EXE,N/A,program,0,4282400832,N/A,N/A,ONENOTE,[],Desktop,0,{6D809377-6AF0-444B-8957-A3773F02200E}\Microsoft Office\root\Office16\ONENOTE.EXE,N/A,OneNote
55,N/A,16001.14228.20150.0,program,0,4282400832,Microsoft.Office.OneNote_16001.14228.20150.0_x64__8wekyb3d8bbwe,Microsoft.Office.OneNote_8wekyb3d8bbwe,N/A,[],Trusted Immersive,0,N/A,images\OneNoteAppList.png,OneNote for Windows 10
56,.EXE,N/A,program,17,4282400832,N/A,N/A,POWERPNT,[],Desktop,08/05/2021 06:57:51,{6D809377-6AF0-444B-8957-A3773F02200E}\Microsoft Office\root\Office16\POWERPNT.EXE,N/A,PowerPoint
57,.EXE,N/A,program,0,16777215,N/A,N/A,SETLANG,[],Desktop,0,{6D809377-6AF0-444B-8957-A3773F02200E}\Microsoft Office\root\Office16\SETLANG.EXE,N/A,Office 언어 기본 설정
58,.EXE,N/A,program,117,4282400832,N/A,N/A,WINWORD,[],Desktop,08/08/2021 12:58:42,{6D809377-6AF0-444B-8957-A3773F02200E}\Microsoft Office\root\Office16\WINWORD.EXE,N/A,Word
59,N/A,5.2011.3081.0,program,0,16777215,Microsoft.OneConnect_5.2011.3081.0_x64__8wekyb3d8bbwe,Microsoft.OneConnect_8wekyb3d8bbwe,N/A,[],Trusted Immersive,0,N/A,Assets\OneConnectAppList.png,모바일 요금제
60,N/A,10.2105.4.0,program,0,16777215,Microsoft.People_10.1902.633.0_x64__8wekyb3d8bbwe,Microsoft.People_8wekyb3d8bbwe,N/A,[],Trusted Immersive,07/09/2021 23:55:42,N/A,Assets\PeopleAppList.png,피플
61,N/A,10.0.19041.423,program,0,4278681012,Microsoft.PPIProjection_10.0.19041.423_neutral_neutral_cw5n1h2txyewy,Microsoft.PPIProjection_cw5n1h2txyewy,N/A,[],Trusted Immersive,0,N/A,Assets\Square44x44.png,연결
62,N/A,10.2008.2277.0,program,0,4278221012,Microsoft.ScreenSketch_10.2008.2277.0_x64__8wekyb3d8bbwe,Microsoft.ScreenSketch_8wekyb3d8bbwe,N/A,[],Trusted Immersive,0,N/A,Assets\SnipSketchAppList.png,캡처 및 스케치
63,.exe,N/A,program,0,4282926660,N/A,N/A,OneDrive,[],Desktop,0,{7C5A40EF-A0FB-4BFC-874A-C0F2E0B9FA8E}\Microsoft OneDrive\OneDrive.exe,N/A,OneDrive
64,N/A,15.73.124.0,program,0,4282400832,Microsoft.SkypeApp_15.73.124.0_x86__kzf8qxf38zg5c,Microsoft.SkypeApp_kzf8qxf38zg5c,N/A,[],Trusted Immersive,0,N/A,Assets\SkypeAppList.png,Skype
65,.exe,N/A,program,24,4281150768,N/A,N/A,Code,[],Desktop,08/07/2021 23:20:16,C:\Users\swan4\AppData\Local\Programs\Microsoft VS Code\Code.exe,N/A,Visual Studio Code
66,N/A,21.10628.5716.0,program,0,4278990074,Microsoft.Whiteboard_21.10628.5716.0_x64__8wekyb3d8bbwe,Microsoft.Whiteboard_8wekyb3d8bbwe,N/A,[],Trusted Immersive,0,N/A,Assets\WhiteboardAppList.png,Microsoft Whiteboard
67,.exe,N/A,program,0,16777215,N/A,N/A,control,[],Desktop,0,{1AC14E77-02E7-4E5D-B744-2EB1AE5198B7}\control.exe,N/A,Windows 관리 도구
68,N/A,N/A,program,0,16777215,N/A,N/A,N/A,[],Desktop,0,::{20D04FE0-3AEA-1069-A2D8-08002B30309D},N/A,내 PC
69,N/A,N/A,program,25,16777215,N/A,N/A,N/A,[],Desktop,08/08/2021 06:32:55,::{5399E694-6CE5-4D6C-8FCE-1D8870FDCBA0},N/A,제어판
70,N/A,N/A,program,464,16777215,N/A,N/A,N/A,[],Desktop,08/08/2021 12:52:22,::{52205FD8-5DFB-447D-801A-D0B52F2E83E1},N/A,파일 탐색기
71,.exe,N/A,program,0,16777215,N/A,N/A,wmplayer,[],Desktop,0,{7C5A40EF-A0FB-4BFC-874A-C0F2E0B9FA8E}\Windows Media Player\wmplayer.exe,N/A,Windows Media Player
72,N/A,2021.21070.22007.0,program,9,4278221012,Microsoft.Windows.Photos_2021.21070.22007.0_x64__8wekyb3d8bbwe,Microsoft.Windows.Photos_8wekyb3d8bbwe,N/A,[],Trusted Immersive,08/08/2021 00:00:48,N/A,Assets\PhotosAppList.png,사진
73,N/A,2021.21070.22007.0,program,0,4278221012,Microsoft.Windows.Photos_2021.21070.22007.0_x64__8wekyb3d8bbwe,Microsoft.Windows.Photos_8wekyb3d8bbwe,N/A,[],Trusted Immersive,0,N/A,Assets\VideoEditor\VideoEditorAppList.png,비디오 편집기
74,.exe,N/A,program,31,16777215,N/A,N/A,mstsc,[],Desktop,08/08/2021 08:03:08,{1AC14E77-02E7-4E5D-B744-2EB1AE5198B7}\mstsc.exe,N/A,원격 데스크톱 연결
75,N/A,10.0.19041.423,program,0,16777215,Microsoft.Windows.SecHealthUI_10.0.19041.423_neutral__cw5n1h2txyewy,Microsoft.Windows.SecHealthUI_cw5n1h2txyewy,N/A,[],Trusted Immersive,0,N/A,Assets\Square44x44Logo.png,Windows 보안
76,N/A,N/A,program,0,16777215,N/A,N/A,N/A,[],Desktop,0,::{2559A1F3-21D7-11D4-BDAF-00C04F60B9F0},N/A,실행
77,N/A,10.2101.28.0,program,0,4278221012,Microsoft.WindowsAlarms_10.2101.28.0_x64__8wekyb3d8bbwe,Microsoft.WindowsAlarms_8wekyb3d8bbwe,N/A,[],Trusted Immersive,0,N/A,Assets\AlarmsAppList.png,알람 및 시계
78,N/A,10.2103.8.0,program,13,4278221012,Microsoft.WindowsCalculator_10.2103.8.0_x64__8wekyb3d8bbwe,Microsoft.WindowsCalculator_8wekyb3d8bbwe,N/A,[],Trusted Immersive,08/02/2021 16:58:51,N/A,Assets\CalculatorAppList.png,계산기
79,N/A,2021.105.10.0,program,0,4278221012,Microsoft.WindowsCamera_2021.105.10.0_x64__8wekyb3d8bbwe,Microsoft.WindowsCamera_8wekyb3d8bbwe,N/A,[],Trusted Immersive,0,N/A,Assets\CameraAppList.png,카메라
80,N/A,16005.13426.20920.0,program,0,4278221015,microsoft.windowscommunicationsapps_16005.13426.20920.0_x64__8wekyb3d8bbwe,microsoft.windowscommunicationsapps_8wekyb3d8bbwe,N/A,[],Trusted Immersive,0,N/A,images\HxCalendarAppList.png,일정
81,N/A,16005.13426.20920.0,program,0,4278221015,microsoft.windowscommunicationsapps_16005.13426.20920.0_x64__8wekyb3d8bbwe,microsoft.windowscommunicationsapps_8wekyb3d8bbwe,N/A,[],Trusted Immersive,0,N/A,images\HxMailAppList.png,메일
82,N/A,1.2103.1172.0,program,0,4278221012,Microsoft.WindowsFeedbackHub_1.2103.1172.0_x64__8wekyb3d8bbwe,Microsoft.WindowsFeedbackHub_8wekyb3d8bbwe,N/A,[],Trusted Immersive,07/09/2021 23:55:42,N/A,Assets\FeedbackHubAppList.png,피드백 허브
83,N/A,10.2104.2.0,program,0,4278221012,Microsoft.WindowsMaps_10.2104.2.0_x64__8wekyb3d8bbwe,Microsoft.WindowsMaps_8wekyb3d8bbwe,N/A,[],Trusted Immersive,07/09/2021 23:55:42,N/A,Assets\AppTiles\MapsAppList.png,지도
84,N/A,10.2103.28.0,program,0,4278221012,Microsoft.WindowsSoundRecorder_10.2103.28.0_x64__8wekyb3d8bbwe,Microsoft.WindowsSoundRecorder_8wekyb3d8bbwe,N/A,[],Trusted Immersive,0,N/A,Assets\VoiceRecorderAppList.png,음성 녹음기
85,N/A,12105.1001.23.0,program,0,16777215,Microsoft.WindowsStore_12105.1001.23.0_x64__8wekyb3d8bbwe,Microsoft.WindowsStore_8wekyb3d8bbwe,N/A,[],Trusted Immersive,0,N/A,Assets\AppTiles\StoreAppList.png,Microsoft Store
86,N/A,48.78.15001.0,program,0,4279270416,Microsoft.XboxApp_48.78.15001.0_x64__8wekyb3d8bbwe,Microsoft.XboxApp_8wekyb3d8bbwe,N/A,[],Trusted Immersive,0,N/A,Assets\GamesXboxHubAppList.png,Xbox 콘솔 컴패니언
87,N/A,5.721.6282.0,program,13,16777215,Microsoft.XboxGamingOverlay_5.721.6282.0_x64__8wekyb3d8bbwe,Microsoft.XboxGamingOverlay_8wekyb3d8bbwe,N/A,[],Trusted Immersive,08/06/2021 01:18:30,N/A,Assets\GameBar_AppList.png,Xbox Game Bar
88,N/A,1.21062.150.0,program,0,4278221015,Microsoft.YourPhone_1.21062.150.0_x64__8wekyb3d8bbwe,Microsoft.YourPhone_8wekyb3d8bbwe,N/A,[],Trusted Immersive,0,N/A,Assets\AppTiles\AppIcon.png,사용자 휴대폰
89,N/A,10.21061.10121.0,program,0,4278221012,Microsoft.ZuneMusic_10.21061.10121.0_x64__8wekyb3d8bbwe,Microsoft.ZuneMusic_8wekyb3d8bbwe,N/A,[],Trusted Immersive,0,N/A,Assets\AppList.png,Groove 음악
90,N/A,10.21061.10121.0,program,0,4278221012,Microsoft.ZuneVideo_10.21061.10121.0_x64__8wekyb3d8bbwe,Microsoft.ZuneVideo_8wekyb3d8bbwe,N/A,[],Trusted Immersive,0,N/A,Assets\AppList.png,영화 및 TV
91,.exe,N/A,program,78,4279712371,N/A,N/A,msedge,[],Desktop,08/08/2021 04:11:13,{7C5A40EF-A0FB-4BFC-874A-C0F2E0B9FA8E}\Microsoft\Edge\Application\msedge.exe,N/A,Microsoft Edge
92,N/A,1.25.245.0,program,0,16777215,RealtekSemiconductorCorp.RealtekAudioControl_1.25.245.0_x64__dt26b99r8h8gj,RealtekSemiconductorCorp.RealtekAudioControl_dt26b99r8h8gj,N/A,[],Trusted Immersive,0,N/A,Assets\Square44x44Logo.png,Realtek Audio Console
93,N/A,1.2.5.0,program,0,16777215,SAMSUNGELECTRONICSCO.LTD.1412377A9806A_1.2.5.0_x64__3c1yjt4zspk6g,SAMSUNGELECTRONICSCO.LTD.1412377A9806A_3c1yjt4zspk6g,N/A,[],Trusted Immersive,0,N/A,Images\Square44x44Logo.png,Link Sharing
94,N/A,1.1.62.0,program,0,16777215,SAMSUNGELECTRONICSCO.LTD.217952CDCC167_1.1.62.0_x64__3c1yjt4zspk6g,SAMSUNGELECTRONICSCO.LTD.217952CDCC167_3c1yjt4zspk6g,N/A,[],Trusted Immersive,0,N/A,Images\Square44x44Logo.png,Galaxy Book Members
95,N/A,1.1.30.0,program,0,16777215,SAMSUNGELECTRONICSCO.LTD.LiveMessage_1.1.30.0_x64__3c1yjt4zspk6g,SAMSUNGELECTRONICSCO.LTD.LiveMessage_3c1yjt4zspk6g,N/A,[],Trusted Immersive,0,N/A,Assets\Square44x44Logo.png,Live Message
96,N/A,3.0.31.0,program,0,16777215,SAMSUNGELECTRONICSCO.LTD.NewVoiceNote_3.0.31.0_x64__3c1yjt4zspk6g,SAMSUNGELECTRONICSCO.LTD.NewVoiceNote_3c1yjt4zspk6g,N/A,[],Trusted Immersive,0,N/A,Assets\Square44x44Logo.png,Samsung Voice Note
97,N/A,2.4.37.0,program,0,16777215,SAMSUNGELECTRONICSCO.LTD.OnlineSupportSService_2.4.37.0_x64__3c1yjt4zspk6g,SAMSUNGELECTRONICSCO.LTD.OnlineSupportSService_3c1yjt4zspk6g,N/A,[],Trusted Immersive,0,N/A,Assets\Square44x44Logo.png,온라인 상담(S Service)
98,N/A,4.6.28.0,program,0,16777215,SAMSUNGELECTRONICSCO.LTD.PCGallery_4.6.28.0_x64__3c1yjt4zspk6g,SAMSUNGELECTRONICSCO.LTD.PCGallery_3c1yjt4zspk6g,N/A,[],Trusted Immersive,0,N/A,Assets\Square44x44Logo.png,Samsung Gallery
99,N/A,1.0.4.0,program,0,16777215,SAMSUNGELECTRONICSCO.LTD.SamsungCarePlusLauncher_1.0.4.0_x64__3c1yjt4zspk6g,SAMSUNGELECTRONICSCO.LTD.SamsungCarePlusLauncher_3c1yjt4zspk6g,N/A,[],Trusted Immersive,0,N/A,Images\Square44x44Logo.png,Samsung Care+
100,N/A,1.0.15.0,program,0,16777215,SAMSUNGELECTRONICSCO.LTD.SamsungCloudBluetoothSync_1.0.15.0_x64__3c1yjt4zspk6g,SAMSUNGELECTRONICSCO.LTD.SamsungCloudBluetoothSync_3c1yjt4zspk6g,N/A,[],Trusted Immersive,0,N/A,Assets\Square44x44Logo.png,Samsung Bluetooth Sync
101,N/A,1.3.11.0,program,0,16777215,SAMSUNGELECTRONICSCO.LTD.SamsungFree_1.3.11.0_x64__3c1yjt4zspk6g,SAMSUNGELECTRONICSCO.LTD.SamsungFree_3c1yjt4zspk6g,N/A,[],Trusted Immersive,0,N/A,Images\Square44x44Logo.png,Samsung TV Plus
102,N/A,2.0.27.0,program,0,16777215,SAMSUNGELECTRONICSCO.LTD.SamsungPCCleaner_2.0.27.0_x64__3c1yjt4zspk6g,SAMSUNGELECTRONICSCO.LTD.SamsungPCCleaner_3c1yjt4zspk6g,N/A,[],Trusted Immersive,0,N/A,Images\Square44x44Logo.png,Samsung PC Cleaner
103,N/A,1.1.2.0,program,0,16777215,SAMSUNGELECTRONICSCO.LTD.SamsungQuickSearch_1.1.2.0_x64__3c1yjt4zspk6g,SAMSUNGELECTRONICSCO.LTD.SamsungQuickSearch_3c1yjt4zspk6g,N/A,[],Trusted Immersive,0,N/A,Images\Square44x44Logo.png,Quick Search
104,N/A,8.1.37.0,program,0,16777215,SAMSUNGELECTRONICSCO.LTD.SamsungRecovery_8.1.37.0_x64__3c1yjt4zspk6g,SAMSUNGELECTRONICSCO.LTD.SamsungRecovery_3c1yjt4zspk6g,N/A,[],Trusted Immersive,0,N/A,images\Square44x44Logo.png,Samsung Recovery
105,N/A,1.0.23.0,program,0,16777215,SAMSUNGELECTRONICSCO.LTD.SamsungScreenRecording_1.0.23.0_x64__3c1yjt4zspk6g,SAMSUNGELECTRONICSCO.LTD.SamsungScreenRecording_3c1yjt4zspk6g,N/A,[],Trusted Immersive,0,N/A,Images\Square44x44Logo.png,Screen Recorder
106,N/A,1.2.28.0,program,0,16777215,SAMSUNGELECTRONICSCO.LTD.SamsungSecurity1.2_1.2.28.0_x64__3c1yjt4zspk6g,SAMSUNGELECTRONICSCO.LTD.SamsungSecurity1.2_3c1yjt4zspk6g,N/A,[],Trusted Immersive,0,N/A,Images\Square44x44Logo.png,Samsung Security
107,N/A,1.5.19.0,program,0,16777215,SAMSUNGELECTRONICSCO.LTD.SamsungSettings1.5_1.5.19.0_x64__3c1yjt4zspk6g,SAMSUNGELECTRONICSCO.LTD.SamsungSettings1.5_3c1yjt4zspk6g,N/A,[],Trusted Immersive,0,N/A,Images\Square44x44Logo.png,Samsung Settings
108,N/A,3.0.69.0,program,1,16777215,SAMSUNGELECTRONICSCO.LTD.SamsungUpdate_3.0.69.0_x64__3c1yjt4zspk6g,SAMSUNGELECTRONICSCO.LTD.SamsungUpdate_3c1yjt4zspk6g,N/A,[],Trusted Immersive,07/24/2021 04:22:04,N/A,Images\Square44x44Logo.png,Samsung Update
109,N/A,1.0.21.0,program,0,16777215,SAMSUNGELECTRONICSCO.LTD.SamsungWelcome_1.0.21.0_x64__3c1yjt4zspk6g,SAMSUNGELECTRONICSCO.LTD.SamsungWelcome_3c1yjt4zspk6g,N/A,[],Trusted Immersive,0,N/A,Assets\Square44x44Logo.png,Galaxy Book Experience
110,N/A,1.0.24.0,program,0,16777215,SAMSUNGELECTRONICSCO.LTD.SmartSwitchforGalaxyBook_1.0.24.0_x64__3c1yjt4zspk6g,SAMSUNGELECTRONICSCO.LTD.SmartSwitchforGalaxyBook_3c1yjt4zspk6g,N/A,[],Trusted Immersive,0,N/A,Images\Square44x44Logo.png,Galaxy Book Smart Switch
111,N/A,1.21242.0.0,program,0,16777215,SAMSUNGELECTRONICSCO.LTD.SmartThingsWindows_1.21242.0.0_x64__3c1yjt4zspk6g,SAMSUNGELECTRONICSCO.LTD.SmartThingsWindows_3c1yjt4zspk6g,N/A,[],Trusted Immersive,0,N/A,Assets\Logo\Square44x44Logo.png,SmartThings
112,N/A,3.5.9.0,program,0,16777215,SAMSUNGELECTRONICSCO.LTD.StudioPlus_3.5.9.0_x64__3c1yjt4zspk6g,SAMSUNGELECTRONICSCO.LTD.StudioPlus_3c1yjt4zspk6g,N/A,[],Trusted Immersive,0,N/A,Assets\AppIcon\Square44x44Logo.png,Samsung Studio Plus
113,N/A,4.8.4.0,program,0,16777215,SAMSUNGELECTRONICSCoLtd.SamsungFlux_4.8.4.0_x64__wyx1vj98g3asy,SAMSUNGELECTRONICSCoLtd.SamsungFlux_wyx1vj98g3asy,N/A,[],Trusted Immersive,0,N/A,Assets\Icons\Square44x44Logo.png,Samsung Flow
114,N/A,4.2.24.0,program,0,16777215,SAMSUNGELECTRONICSCoLtd.SamsungNotes_4.2.24.0_x64__wyx1vj98g3asy,SAMSUNGELECTRONICSCoLtd.SamsungNotes_wyx1vj98g3asy,N/A,[],Trusted Immersive,0,N/A,Assets\Images\TileLogo\Square44x44Logo.png,Samsung Notes
115,N/A,1.0.71.0,program,0,16777215,SAMSUNGELECTRONICSCoLtd.SamsungQuickShare_1.0.71.0_x64__wyx1vj98g3asy,SAMSUNGELECTRONICSCoLtd.SamsungQuickShare_wyx1vj98g3asy,N/A,[],Trusted Immersive,0,N/A,Images\Logo\Square44x44Logo.png,Quick Share
116,N/A,2.0.55.0,program,0,16777215,Sidia.LiveWallpaper_2.0.55.0_x64__wkpx6gdq8qyz8,Sidia.LiveWallpaper_wkpx6gdq8qyz8,N/A,[],Trusted Immersive,0,N/A,Images\Square44x44Logo.png,Live Wallpaper
117,N/A,1.165.643.0,program,0,4280211296,SpotifyAB.SpotifyMusic_1.165.643.0_x86__zpdnekdrzrea0,SpotifyAB.SpotifyMusic_zpdnekdrzrea0,N/A,[],Trusted Immersive,0,N/A,Assets\Square44x44Logo.png,Spotify
118,.exe,N/A,program,2,16777215,N/A,N/A,vmplayer,[],Desktop,07/16/2021 04:33:53,{7C5A40EF-A0FB-4BFC-874A-C0F2E0B9FA8E}\VMware\VMware Workstation\vmplayer.exe,N/A,VMware Workstation 16 Player
119,.exe,N/A,program,56,16777215,N/A,N/A,vmware,[],Desktop,08/08/2021 06:05:46,{7C5A40EF-A0FB-4BFC-874A-C0F2E0B9FA8E}\VMware\VMware Workstation\vmware.exe,N/A,VMware Workstation Pro
120,N/A,10.0.2.1000,program,12,16777215,windows.immersivecontrolpanel_10.0.2.1000_neutral_neutral_cw5n1h2txyewy,windows.immersivecontrolpanel_cw5n1h2txyewy,N/A,[],Trusted Immersive,08/07/2021 10:37:57,N/A,Images\logo.png,설정
121,.exe,N/A,program,0,16777215,N/A,N/A,Zoom,[],Desktop,0,C:\Users\swan4\AppData\Roaming\Zoom\bin\Zoom.exe,N/A,Zoom
122,.chm,N/A,unknown,0,16777215,N/A,N/A,appverif,[],Desktop,0,{1AC14E77-02E7-4E5D-B744-2EB1AE5198B7}\appverif.chm,N/A,Application Verifier Help
123,.exe,N/A,program,0,16777215,N/A,N/A,appverif,[],Desktop,0,{1AC14E77-02E7-4E5D-B744-2EB1AE5198B7}\appverif.exe,N/A,Application Verifier (X64)
124,.exe,N/A,program,0,16777215,N/A,N/A,charmap,[],Desktop,0,{1AC14E77-02E7-4E5D-B744-2EB1AE5198B7}\charmap.exe,N/A,문자표
125,.exe,N/A,program,0,16777215,N/A,N/A,cleanmgr,[],Desktop,0,{1AC14E77-02E7-4E5D-B744-2EB1AE5198B7}\cleanmgr.exe,N/A,디스크 정리
126,.exe,N/A,program,25,16777215,N/A,N/A,cmd,[],Desktop,08/08/2021 06:33:44,{1AC14E77-02E7-4E5D-B744-2EB1AE5198B7}\cmd.exe,N/A,명령 프롬프트
127,.msc,N/A,program,0,16777215,N/A,N/A,comexp,[],Desktop,0,{1AC14E77-02E7-4E5D-B744-2EB1AE5198B7}\comexp.msc,N/A,구성 요소 서비스
128,.exe,N/A,program,0,16777215,N/A,N/A,dfrgui,[],Desktop,0,{1AC14E77-02E7-4E5D-B744-2EB1AE5198B7}\dfrgui.exe,N/A,드라이브 조각 모음 및 최적화
129,.exe,N/A,program,0,16777215,N/A,N/A,iscsicpl,[],Desktop,0,{1AC14E77-02E7-4E5D-B744-2EB1AE5198B7}\iscsicpl.exe,N/A,iSCSI 초기자
130,.exe,N/A,program,0,16777215,N/A,N/A,magnify,[],Desktop,0,{1AC14E77-02E7-4E5D-B744-2EB1AE5198B7}\magnify.exe,N/A,돋보기
131,.exe,N/A,program,0,16777215,N/A,N/A,MdSched,[],Desktop,0,{1AC14E77-02E7-4E5D-B744-2EB1AE5198B7}\MdSched.exe,N/A,Windows 메모리 진단
132,.exe,N/A,program,0,16777215,N/A,N/A,msconfig,[],Desktop,0,{1AC14E77-02E7-4E5D-B744-2EB1AE5198B7}\msconfig.exe,N/A,시스템 구성
133,.exe,N/A,program,0,16777215,N/A,N/A,msinfo32,[],Desktop,0,{1AC14E77-02E7-4E5D-B744-2EB1AE5198B7}\msinfo32.exe,N/A,시스템 정보
134,.exe,N/A,program,2,16777215,N/A,N/A,mspaint,[],Desktop,08/05/2021 21:54:23,{1AC14E77-02E7-4E5D-B744-2EB1AE5198B7}\mspaint.exe,N/A,그림판
135,.exe,N/A,program,0,16777215,N/A,N/A,narrator,[],Desktop,0,{1AC14E77-02E7-4E5D-B744-2EB1AE5198B7}\narrator.exe,N/A,내레이터
136,.exe,N/A,program,69,16777215,N/A,N/A,notepad,[],Desktop,08/08/2021 07:47:59,{1AC14E77-02E7-4E5D-B744-2EB1AE5198B7}\notepad.exe,N/A,메모장
137,.exe,N/A,program,0,16777215,N/A,N/A,odbcad32,[],Desktop,0,{1AC14E77-02E7-4E5D-B744-2EB1AE5198B7}\odbcad32.exe,N/A,ODBC 데이터 원본(64비트)
138,.exe,N/A,program,0,16777215,N/A,N/A,osk,[],Desktop,0,{1AC14E77-02E7-4E5D-B744-2EB1AE5198B7}\osk.exe,N/A,화상 키보드
139,.exe,N/A,program,0,16777215,N/A,N/A,psr,[],Desktop,0,{1AC14E77-02E7-4E5D-B744-2EB1AE5198B7}\psr.exe,N/A,단계 레코더
140,.exe,N/A,program,0,16777215,N/A,N/A,quickassist,[],Desktop,0,{1AC14E77-02E7-4E5D-B744-2EB1AE5198B7}\quickassist.exe,N/A,빠른 지원
141,.exe,N/A,program,0,16777215,N/A,N/A,RecoveryDrive,[],Desktop,0,{1AC14E77-02E7-4E5D-B744-2EB1AE5198B7}\RecoveryDrive.exe,N/A,복구 드라이브
142,.msc,N/A,program,0,16777215,N/A,N/A,services,[],Desktop,0,{1AC14E77-02E7-4E5D-B744-2EB1AE5198B7}\services.msc,N/A,서비스
143,.exe,N/A,program,96,16777215,N/A,N/A,SnippingTool,[],Desktop,08/08/2021 10:02:42,{1AC14E77-02E7-4E5D-B744-2EB1AE5198B7}\SnippingTool.exe,N/A,캡처 도구
144,.msc,N/A,program,0,16777215,N/A,N/A,WF,[],Desktop,0,{1AC14E77-02E7-4E5D-B744-2EB1AE5198B7}\WF.msc,N/A,고급 보안이 포함된 Windows Defender 방화벽
145,.exe,N/A,program,0,16777215,N/A,N/A,WFS,[],Desktop,0,{1AC14E77-02E7-4E5D-B744-2EB1AE5198B7}\WFS.exe,N/A,Windows 팩스 및 스캔
146,.exe,N/A,program,0,16777215,N/A,N/A,powershell,[],Desktop,0,{1AC14E77-02E7-4E5D-B744-2EB1AE5198B7}\WindowsPowerShell\v1.0\powershell.exe,N/A,Windows PowerShell
147,.exe,N/A,program,0,16777215,N/A,N/A,PowerShell_ISE,[],Desktop,0,{1AC14E77-02E7-4E5D-B744-2EB1AE5198B7}\WindowsPowerShell\v1.0\PowerShell_ISE.exe,N/A,Windows PowerShell ISE
148,.exe,N/A,program,9,16777215,N/A,N/A,FTK Imager,[],Desktop,08/02/2021 08:52:23,{6D809377-6AF0-444B-8957-A3773F02200E}\AccessData\FTK Imager\FTK Imager.exe,N/A,FTK Imager
149,.exe,N/A,program,0,16777215,N/A,N/A,AhnRpt,[],Desktop,0,{6D809377-6AF0-444B-8957-A3773F02200E}\AhnLab\V3Lite40\AhnRpt.exe,N/A,AhnReport
150,.exe,N/A,program,0,16777215,N/A,N/A,studio64,[],Desktop,0,{6D809377-6AF0-444B-8957-A3773F02200E}\Android\Android Studio1\bin\studio64.exe,N/A,Android Studio
151,.exe,N/A,program,4,16777215,N/A,N/A,Bandizip,[],Desktop,08/08/2021 07:17:50,{6D809377-6AF0-444B-8957-A3773F02200E}\Bandizip\Bandizip.exe,N/A,반디집
152,.exe,N/A,program,0,16777215,N/A,N/A,mip,[],Desktop,0,{6D809377-6AF0-444B-8957-A3773F02200E}\Common Files\Microsoft Shared\Ink\mip.exe,N/A,Math Input Panel
153,.exe,N/A,program,0,16777215,N/A,N/A,git-gui,[],Desktop,0,{6D809377-6AF0-444B-8957-A3773F02200E}\Git\cmd\git-gui.exe,N/A,Git GUI
154,.exe,N/A,program,4,16777215,N/A,N/A,DiskEditor,[],Desktop,08/02/2021 17:15:31,{6D809377-6AF0-444B-8957-A3773F02200E}\LSoft Technologies\Active@ Disk Editor\DiskEditor.exe,N/A,Active@ Disk Editor
155,.pdf,N/A,document,0,16777215,N/A,N/A,Disk_Editor,[],Desktop,0,{6D809377-6AF0-444B-8957-A3773F02200E}\LSoft Technologies\Active@ Disk Editor\Disk_Editor.pdf,N/A,Documentation
156,.exe,N/A,program,2,16777215,N/A,N/A,mysqlsh,[],Desktop,08/02/2021 18:41:45,{6D809377-6AF0-444B-8957-A3773F02200E}\MySQL\MySQL Shell 8.0\bin\mysqlsh.exe,N/A,MySQL Shell
157,.exe,N/A,program,1,16777215,N/A,N/A,MySQLWorkbench,[],Desktop,08/02/2021 18:41:54,{6D809377-6AF0-444B-8957-A3773F02200E}\MySQL\MySQL Workbench 8.0\MySQLWorkbench.exe,N/A,MySQL Workbench 8.0 CE
158,.exe,N/A,program,0,16777215,N/A,N/A,notepad++,[],Desktop,0,{6D809377-6AF0-444B-8957-A3773F02200E}\Notepad++\notepad++.exe,N/A,Notepad++
159,.pdf,N/A,document,0,16777215,N/A,N/A,UserManual,[],Desktop,0,{6D809377-6AF0-444B-8957-A3773F02200E}\Oracle\VirtualBox\doc\UserManual.pdf,N/A,User manual (PDF/ English)
160,.rtf,N/A,document,0,16777215,N/A,N/A,License_en_US,[],Desktop,0,{6D809377-6AF0-444B-8957-A3773F02200E}\Oracle\VirtualBox\License_en_US.rtf,N/A,License (English)
161,.chm,N/A,unknown,0,16777215,N/A,N/A,VirtualBox,[],Desktop,0,{6D809377-6AF0-444B-8957-A3773F02200E}\Oracle\VirtualBox\VirtualBox.chm,N/A,User manual (CHM/ English)
162,.exe,N/A,program,21,16777215,N/A,N/A,VirtualBox,[],Desktop,08/06/2021 15:14:40,{6D809377-6AF0-444B-8957-A3773F02200E}\Oracle\VirtualBox\VirtualBox.exe,N/A,Oracle VM VirtualBox
163,.exe,N/A,program,1,16777215,N/A,N/A,TeamViewer,[],Desktop,08/06/2021 05:51:51,{6D809377-6AF0-444B-8957-A3773F02200E}\TeamViewer\TeamViewer.exe,N/A,TeamViewer
164,.html,N/A,document,0,16777215,N/A,N/A,tesseract.1,[],Desktop,0,{6D809377-6AF0-444B-8957-A3773F02200E}\Tesseract-OCR\tesseract.1.html,N/A,Dokumentation
165,.exe,N/A,program,2,16777215,N/A,N/A,wordpad,[],Desktop,07/22/2021 15:25:24,{6D809377-6AF0-444B-8957-A3773F02200E}\Windows NT\Accessories\wordpad.exe,N/A,워드패드
166,.exe,N/A,program,7,16777215,N/A,N/A,Wireshark,[],Desktop,07/29/2021 14:29:47,{6D809377-6AF0-444B-8957-A3773F02200E}\Wireshark\Wireshark.exe,N/A,Wireshark
167,.exe,N/A,program,4,16777215,N/A,N/A,AcroRd32,[],Desktop,08/08/2021 12:21:14,{7C5A40EF-A0FB-4BFC-874A-C0F2E0B9FA8E}\Adobe\Acrobat Reader DC\Reader\AcroRd32.exe,N/A,Acrobat Reader DC
168,.exe,N/A,program,5,4294672134,N/A,N/A,AstroGrep,[],Desktop,07/29/2021 21:38:45,{7C5A40EF-A0FB-4BFC-874A-C0F2E0B9FA8E}\AstroGrep\AstroGrep.exe,N/A,AstroGrep
169,.exe,N/A,program,0,16777215,N/A,N/A,DFASAnalyzerPRO,[],Desktop,0,{7C5A40EF-A0FB-4BFC-874A-C0F2E0B9FA8E}\DOUZONE\DFAS Pro DEMO\DFASAnalyzerPRO.exe,N/A,DFAS Pro DEMO
170,.exe,N/A,program,0,16777215,N/A,N/A,javacpl,[],Desktop,0,{7C5A40EF-A0FB-4BFC-874A-C0F2E0B9FA8E}\Java\jre1.8.0_301\bin\javacpl.exe,N/A,Configure Java
171,.exe,N/A,program,365,16777215,N/A,N/A,KakaoTalk,[],Desktop,08/08/2021 12:09:49,{7C5A40EF-A0FB-4BFC-874A-C0F2E0B9FA8E}\Kakao\KakaoTalk\KakaoTalk.exe,N/A,카카오톡
172,.exe,N/A,program,0,16777215,N/A,N/A,uninstall,[],Desktop,0,{7C5A40EF-A0FB-4BFC-874A-C0F2E0B9FA8E}\Kakao\KakaoTalk\uninstall.exe,N/A,카카오톡 제거
173,N/A,N/A,unknown,0,16777215,N/A,N/A,CHANGES,[],Desktop,0,{7C5A40EF-A0FB-4BFC-874A-C0F2E0B9FA8E}\MySQL\Connector NET 8.0\CHANGES,N/A,ChangeLog
174,.chm,N/A,unknown,0,16777215,N/A,N/A,ConnectorNET,[],Desktop,0,{7C5A40EF-A0FB-4BFC-874A-C0F2E0B9FA8E}\MySQL\Connector NET 8.0\Documentation\ConnectorNET.chm,N/A,Documentation
175,.txt,N/A,document,0,16777215,N/A,N/A,Release Notes,[],Desktop,0,{7C5A40EF-A0FB-4BFC-874A-C0F2E0B9FA8E}\MySQL\Connector NET 8.0\Release Notes.txt,N/A,Release Notes
176,.exe,N/A,program,0,16777215,N/A,N/A,PowerManagement,[],Desktop,0,{7C5A40EF-A0FB-4BFC-874A-C0F2E0B9FA8E}\Samsung\PowerCtrlManager\PowerManagement.exe,N/A,전력피크타임 관리모드
177,.exe,N/A,program,0,16777215,N/A,N/A,SamsungDeX,[],Desktop,0,{7C5A40EF-A0FB-4BFC-874A-C0F2E0B9FA8E}\Samsung\Samsung DeX\SamsungDeX.exe,N/A,Samsung DeX
178,.exe,N/A,program,0,16777215,N/A,N/A,vmnetcfg,[],Desktop,0,{7C5A40EF-A0FB-4BFC-874A-C0F2E0B9FA8E}\VMware\VMware Workstation\vmnetcfg.exe,N/A,Virtual Network Editor
179,.exe,N/A,program,0,16777215,N/A,N/A,appcertui,[],Desktop,0,{7C5A40EF-A0FB-4BFC-874A-C0F2E0B9FA8E}\Windows Kits\10\App Certification Kit\appcertui.exe,N/A,Windows App Cert Kit
180,.exe,N/A,program,0,16777215,N/A,N/A,gflags,[],Desktop,0,{7C5A40EF-A0FB-4BFC-874A-C0F2E0B9FA8E}\Windows Kits\10\Debuggers\arm64\gflags.exe,N/A,Global Flags (ARM64)
181,.exe,N/A,program,0,16777215,N/A,N/A,windbg,[],Desktop,0,{7C5A40EF-A0FB-4BFC-874A-C0F2E0B9FA8E}\Windows Kits\10\Debuggers\arm64\windbg.exe,N/A,WinDbg (ARM64)
182,.chm,N/A,unknown,0,16777215,N/A,N/A,debugger,[],Desktop,0,{7C5A40EF-A0FB-4BFC-874A-C0F2E0B9FA8E}\Windows Kits\10\Debuggers\arm\debugger.chm,N/A,Debugging Help
183,.exe,N/A,program,0,16777215,N/A,N/A,gflags,[],Desktop,0,{7C5A40EF-A0FB-4BFC-874A-C0F2E0B9FA8E}\Windows Kits\10\Debuggers\arm\gflags.exe,N/A,Global Flags (ARM)
184,.exe,N/A,program,0,16777215,N/A,N/A,windbg,[],Desktop,0,{7C5A40EF-A0FB-4BFC-874A-C0F2E0B9FA8E}\Windows Kits\10\Debuggers\arm\windbg.exe,N/A,WinDbg (ARM)
185,.chm,N/A,unknown,0,16777215,N/A,N/A,debugger,[],Desktop,0,{7C5A40EF-A0FB-4BFC-874A-C0F2E0B9FA8E}\Windows Kits\10\Debuggers\x64\debugger.chm,N/A,Debugging Help
186,.exe,N/A,program,0,16777215,N/A,N/A,gflags,[],Desktop,0,{7C5A40EF-A0FB-4BFC-874A-C0F2E0B9FA8E}\Windows Kits\10\Debuggers\x64\gflags.exe,N/A,Global Flags (X64)
187,.exe,N/A,program,0,16777215,N/A,N/A,windbg,[],Desktop,0,{7C5A40EF-A0FB-4BFC-874A-C0F2E0B9FA8E}\Windows Kits\10\Debuggers\x64\windbg.exe,N/A,WinDbg (X64)
188,.chm,N/A,unknown,0,16777215,N/A,N/A,debugger,[],Desktop,0,{7C5A40EF-A0FB-4BFC-874A-C0F2E0B9FA8E}\Windows Kits\10\Debuggers\x86\debugger.chm,N/A,Debugging Help
189,.exe,N/A,program,0,16777215,N/A,N/A,gflags,[],Desktop,0,{7C5A40EF-A0FB-4BFC-874A-C0F2E0B9FA8E}\Windows Kits\10\Debuggers\x86\gflags.exe,N/A,Global Flags (X86)
190,.exe,N/A,program,0,16777215,N/A,N/A,windbg,[],Desktop,0,{7C5A40EF-A0FB-4BFC-874A-C0F2E0B9FA8E}\Windows Kits\10\Debuggers\x86\windbg.exe,N/A,WinDbg (X86)
191,.url,N/A,link,0,16777215,N/A,N/A,DesktopDevCenterLearn,[],Desktop,0,{7C5A40EF-A0FB-4BFC-874A-C0F2E0B9FA8E}\Windows Kits\10\Shortcuts\DesktopDevCenterLearn.url,N/A,Documentation for Desktop Apps
192,.url,N/A,link,0,16777215,N/A,N/A,DesktopDevCenterSamples,[],Desktop,0,{7C5A40EF-A0FB-4BFC-874A-C0F2E0B9FA8E}\Windows Kits\10\Shortcuts\DesktopDevCenterSamples.url,N/A,Samples for Desktop Apps
193,.url,N/A,link,0,16777215,N/A,N/A,DesktopDevCenterToolsDocumentation,[],Desktop,0,{7C5A40EF-A0FB-4BFC-874A-C0F2E0B9FA8E}\Windows Kits\10\Shortcuts\DesktopDevCenterToolsDocumentation.url,N/A,Tools for Desktop Apps
194,.url,N/A,link,0,16777215,N/A,N/A,WindowsStoreAppDevCenterLearn,[],Desktop,0,{7C5A40EF-A0FB-4BFC-874A-C0F2E0B9FA8E}\Windows Kits\10\Shortcuts\WindowsStoreAppDevCenterLearn.url,N/A,Documentation for Windows Store Apps
195,.url,N/A,link,0,16777215,N/A,N/A,WindowsStoreAppDevCenterSamples,[],Desktop,0,{7C5A40EF-A0FB-4BFC-874A-C0F2E0B9FA8E}\Windows Kits\10\Shortcuts\WindowsStoreAppDevCenterSamples.url,N/A,Samples for Windows Store Apps
196,.url,N/A,link,0,16777215,N/A,N/A,WindowsStoreAppDevCenterToolsDocumentation,[],Desktop,0,{7C5A40EF-A0FB-4BFC-874A-C0F2E0B9FA8E}\Windows Kits\10\Shortcuts\WindowsStoreAppDevCenterToolsDocumentation.url,N/A,Tools for Windows Store Apps
197,.chm,N/A,unknown,0,16777215,N/A,N/A,GPUView,[],Desktop,0,{7C5A40EF-A0FB-4BFC-874A-C0F2E0B9FA8E}\Windows Kits\10\Windows Performance Toolkit\gpuview\GPUView.chm,N/A,GPUView Help
198,.exe,N/A,program,0,16777215,N/A,N/A,GPUView,[],Desktop,0,{7C5A40EF-A0FB-4BFC-874A-C0F2E0B9FA8E}\Windows Kits\10\Windows Performance Toolkit\gpuview\GPUView.exe,N/A,GPUView
199,.exe,N/A,program,0,16777215,N/A,N/A,wpa,[],Desktop,0,{7C5A40EF-A0FB-4BFC-874A-C0F2E0B9FA8E}\Windows Kits\10\Windows Performance Toolkit\wpa.exe,N/A,Windows Performance Analyzer
200,.exe,N/A,program,0,16777215,N/A,N/A,WPRUI,[],Desktop,0,{7C5A40EF-A0FB-4BFC-874A-C0F2E0B9FA8E}\Windows Kits\10\Windows Performance Toolkit\WPRUI.exe,N/A,Windows Performance Recorder
201,.exe,N/A,program,0,16777215,N/A,N/A,appverif,[],Desktop,0,{D65231B0-B2F1-4857-A4CE-A8E7C6EA7D27}\appverif.exe,N/A,Application Verifier (WOW)
202,.exe,N/A,program,0,16777215,N/A,N/A,odbcad32,[],Desktop,0,{D65231B0-B2F1-4857-A4CE-A8E7C6EA7D27}\odbcad32.exe,N/A,ODBC Data Sources (32-bit)
203,.exe,N/A,program,0,16777215,N/A,N/A,powershell,[],Desktop,0,{D65231B0-B2F1-4857-A4CE-A8E7C6EA7D27}\WindowsPowerShell\v1.0\powershell.exe,N/A,Windows PowerShell (x86)
204,.exe,N/A,program,0,16777215,N/A,N/A,PowerShell_ISE,[],Desktop,0,{D65231B0-B2F1-4857-A4CE-A8E7C6EA7D27}\WindowsPowerShell\v1.0\PowerShell_ISE.exe,N/A,Windows PowerShell ISE (x86)
205,.exe,N/A,program,1,16777215,N/A,N/A,regedit,[],Desktop,07/27/2021 08:10:42,{F38BF404-1D43-42F2-9305-67DE0B28FC23}\regedit.exe,N/A,레지스트리 편집기
